---
{"number headings":"auto, first-level 4, max 6, contents
{ #toc}
, start-at 1, _.1.1","dg-publish":true,"permalink":"/15_OceanBase/02_OceanBase 基本操作/数据库对象管理_Oracle 租户/指定分区查询数据/","dgPassFrontmatter":true}
---


### 指定分区查询数据

#### 1 适用版本
适用于 Oracle 模式，MySql 模式；该文档参考 V4.2.1 版本的文档；

#### 2 语法
除了根据 SQL 语句的查询条件进行分区裁剪以外，OceanBase 数据库也支持用户通过 SQL 语句指定需要访问的分区；

如果 SQL 语句中指定了分区，系统会将查询的范围限定在所指定的分区集合内，同时根据 SQL 语句的查询条件进行分区裁剪。最终访问的分区为指定分区和分区裁剪二者的交集；

```sql
-- 指定分区查询数据_Oracle 模式，MySql 模式
-- 语法：
	SELECT select_expr_list FROM table_name PARTITION (partition_name_list) [WHERE where_list]; 
	SELECT select_expr_list FROM table_name PARTITION (partition_name_list) [WHERE where_list];

SELECT * FROM tbl_m_rr PARTITION(p0);
```

#### 3 使用示例
##### 3.1 创建测试表及数据
创建模板化 Range + Range 分区表 `tbl_m_rr` 并插入数据，创建脚本参考：[[15_OceanBase/02_OceanBase 基本操作/OceanBase 附加文档_1#1 指定分区查询数据_Oracle 模式\|OceanBase 附加文档_1#1 指定分区查询数据_Oracle 模式]]]，；

##### 3.2 指定分区查询数据
```sql
-- 2.查询表 `tbl_m_rr` 全部数据
SELECT * FROM tbl_m_rr;
+------+------+
| COL1 | COL2 |
+------+------+
|   10 |  500 |
|   20 | 1500 |
|   50 | 1100 |
|  120 | 1500 |
|  150 | 1800 |
|  150 | 2800 |
+------+------+
6 rows in set

-- 3.查询表 tbl_m_rr 一级分区 p0 的数据。
obclient> SELECT * FROM tbl_m_rr PARTITION(p0);
+------+------+
| COL1 | COL2 |
+------+------+
|   10 |  500 |
|   20 | 1500 |
|   50 | 1100 |
+------+------+
3 rows in set

-- 4.查询表 tbl_m_rr 一级分区 p0 和二级分区 p1smp1 的数据。
obclient> SELECT * FROM tbl_m_rr PARTITION (p0,p1smp1);
+------+------+
| COL1 | COL2 |
+------+------+
|   10 |  500 |
|   20 | 1500 |
|   50 | 1100 |
|  120 | 1500 |
|  150 | 1800 |
+------+------+
5 rows in set
```


### 参考文档

<div class="transclusion internal-embed is-loaded"><a class="markdown-embed-link" href="/15-ocean-base/02-ocean-base/my-sql/ocean-base/#" aria-label="Open link"><svg xmlns="http://www.w3.org/2000/svg" width="24" height="24" viewBox="0 0 24 24" fill="none" stroke="currentColor" stroke-width="2" stroke-linecap="round" stroke-linejoin="round" class="svg-icon lucide-link"><path d="M10 13a5 5 0 0 0 7.54.54l3-3a5 5 0 0 0-7.07-7.07l-1.72 1.71"></path><path d="M14 11a5 5 0 0 0-7.54-.54l-3 3a5 5 0 0 0 7.07 7.07l1.71-1.71"></path></svg></a><div class="markdown-embed">



### 参考文档
1. `MySql 模式`
	1. *V4.2.1：参考指南 > 系统原理 > 数据库对象 > MySql 模式 > 分区表*：[V4.2.1](https://www.oceanbase.com/docs/common-oceanbase-database-cn-1000000000221003)，；
	2. *分区概述*：[V4.2.1](https://www.oceanbase.com/docs/common-oceanbase-database-cn-1000000000220228)，；
	3. *创建分区表*：[V4.2.1](https://www.oceanbase.com/docs/common-oceanbase-database-cn-1000000000220224)，；
	4. *分区裁剪*：[V4.2.1](https://www.oceanbase.com/docs/common-oceanbase-database-cn-1000000000220226)，；
	5. *指定分区查询数据*：[V4.2.1](https://www.oceanbase.com/docs/common-oceanbase-database-cn-1000000000220231)，；
2. `Oracle 模式`
	1. *V4.2.1：参考指南 > 系统原理 > 数据库对象 > Oracle 模式 > 分区表*：[V4.2.1](https://www.oceanbase.com/docs/common-oceanbase-database-cn-1000000000221034)，；
	2. *分区概述*：[V4.2.1](https://www.oceanbase.com/docs/common-oceanbase-database-cn-1000000000220162)，；
	3. *创建分区表*：[V4.2.1](https://www.oceanbase.com/docs/common-oceanbase-database-cn-1000000000220163)，；
	4. *修改分区规则*：[V4.2.1](https://www.oceanbase.com/docs/common-oceanbase-database-cn-1000000000220169)，；
	5. *重命名分区*：[V4.2.1](https://www.oceanbase.com/docs/common-oceanbase-database-cn-1000000000220167)，；
	6. *添加分区*：[V4.2.1](https://www.oceanbase.com/docs/common-oceanbase-database-cn-1000000000220161)，；
	7. *删除分区*：[V4.2.1](https://www.oceanbase.com/docs/common-oceanbase-database-cn-1000000000220166)，；
	8. *Truncate 分区*：[V4.2.1](https://www.oceanbase.com/docs/common-oceanbase-database-cn-1000000000220170)，；
	9. *分区裁剪*：[V4.2.1](https://www.oceanbase.com/docs/common-oceanbase-database-cn-1000000000220168)，；
	10. *指定分区查询数据*：[V4.2.1](https://www.oceanbase.com/docs/common-oceanbase-database-cn-1000000000220164)，；




</div></div>



